Sahyadri Chikki,27AMGPP0495G1ZU
Om Agencies,27ACAPK1303L1ZY
Sharddha Enterprises,27ADMPT6073BIZB
Sai Krupa Enterprises,27ACHFS8190G1ZO
Maganlal Chikki Product Pvt. Ltd.,27AAECM1166A1ZX
Om Sai Marketing,27AHXPP5110A1ZE
Joyti Enterprieses,27AAKPC1016E1ZD
Inamdar & Sons,27AAYP16091B1ZE
Trupti Foods Products,27AIMPK1701C1ZQ
Shriram Provision and Kirana Stores,27BSOPK5002K1ZK
Parakh Enterprises,27AADFP7102P1ZY
A. C. Food Product,27AOHPC3007Q1ZV
Maa Ganga Trading,27AITPG0067C1ZE
Tiwari Food Products,27AEBPT8350H1Z8
